metric,Adaboost,Bagging,Decision Tree,Elastic Net,Ensemble Voting,Gradient Boosting,Neural Network,Random Forest,Ridge,SVM RBF,XGBoosting
r2_test,0.11199451197171592,0.30046894370034916,-0.2252941955933413,0.270989010841734,0.35912392247586694,0.3027962965566904,0.23897756279016602,0.2974605892354561,0.10970267334908647,-0.04366156582198792,0.2976081667800005
